{
    "_pre_inclusive_T1": {
        "num_jobs": 24,
        "infiles_per_job": 10,
        "flops": {
            "type": "histogram",
            "counts": [289793, 80386, 8605, 5994, 4029, 1989, 900, 236, 52, 10],
            "bins": [0, 1.49659e+14, 2.99319e+14, 4.48978e+14, 5.98637e+14, 7.48297e+14, 8.97956e+14, 1.04762e+15, 1.19727e+15, 1.34693e+15, 1.49659e+15]
        },
        "memory": {
            "type": "histogram",
            "counts": [93055, 212724, 39882, 14598, 2149, 28431, 0, 0, 1153, 2],
            "bins": [100, 1320, 2540, 3760, 4980, 6200, 7420, 8640, 9860, 11080, 12300]
        },
        "infilesize": {
            "type": "histogram",
            "counts": [353459, 19550, 17845, 239, 53, 52, 759, 15, 4, 18],
            "bins": [0, 7.06117e+09, 1.41223e+10, 2.11835e+10, 2.82447e+10, 3.53059e+10, 4.2367e+10, 4.94282e+10, 5.64894e+10, 6.35506e+10, 7.06117e+10]
        },
        "outfilesize": {
            "type": "histogram",
            "counts": [360239, 28959, 623, 158, 710, 1179, 0, 0, 66, 60],
            "bins": [0, 3.44294e+09, 6.88587e+09, 1.03288e+10, 1.37717e+10, 1.72147e+10, 2.06576e+10, 2.41006e+10, 2.75435e+10, 3.09864e+10, 3.44294e+10]
        },
        "workload_type": "streaming",
        "submission_time": 0
    },
    "_pre_inclusive_T2": {
        "num_jobs": 38,
        "infiles_per_job": 10,
        "flops": {
            "type": "histogram",
            "counts": [573966, 24758, 9541, 2069, 101, 25, 18, 22, 18, 2],
            "bins": [0, 2.12392e+08, 4.24784e+08, 6.37176e+08, 8.49567e+08, 1.06196e+09, 1.27435e+09, 1.48674e+09, 1.69913e+09, 1.91153e+09, 2.12392e+09]
        },
        "memory": {
            "type": "histogram",
            "counts": [160837, 13031, 238432, 102880, 65182, 7788, 0, 21034, 0, 1336],
            "bins": [100, 1100, 2100, 3100, 4100, 5100, 6100, 7100, 8100, 9100, 10100]
        },
        "infilesize": {
            "type": "histogram",
            "counts": [589990, 13074, 4552, 2434, 66, 142, 130, 75, 44, 13],
            "bins": [0, 2.37239e+09, 4.74477e+09, 7.11716e+09, 9.48955e+09, 1.18619e+10, 1.42343e+10, 1.66067e+10, 1.89791e+10, 2.13515e+10, 2.37239e+10]
        },
        "outfilesize": {
            "type": "histogram",
            "counts": [576373, 32996, 348, 249, 316, 110, 0, 0, 72, 56],
            "bins": [0, 3.43178e+09, 6.86356e+09, 1.02953e+10, 1.37271e+10, 1.71589e+10, 2.05907e+10, 2.40225e+10, 2.74543e+10, 3.0886e+10, 3.43178e+10]
        },
        "workload_type": "streaming",
        "submission_time": 0
    },
    "_post_inclusive_T1": {
        "num_jobs": 24,
        "infiles_per_job": 10,
        "flops": {
            "type": "histogram",
            "counts": [289793, 80386, 8605, 5994, 4029, 1989, 900, 236, 52, 10],
            "bins": [0, 1.49659e+14, 2.99319e+14, 4.48978e+14, 5.98637e+14, 7.48297e+14, 8.97956e+14, 1.04762e+15, 1.19727e+15, 1.34693e+15, 1.49659e+15]
        },
        "memory": {
            "type": "histogram",
            "counts": [93055, 212724, 39882, 14598, 2149, 28431, 0, 0, 1153, 2],
            "bins": [100, 1320, 2540, 3760, 4980, 6200, 7420, 8640, 9860, 11080, 12300]
        },
        "infilesize": {
            "type": "histogram",
            "counts": [353459, 19550, 17845, 239, 53, 52, 759, 15, 4, 18],
            "bins": [0, 7.06117e+09, 1.41223e+10, 2.11835e+10, 2.82447e+10, 3.53059e+10, 4.2367e+10, 4.94282e+10, 5.64894e+10, 6.35506e+10, 7.06117e+10]
        },
        "outfilesize": {
            "type": "histogram",
            "counts": [360239, 28959, 623, 158, 710, 1179, 0, 0, 66, 60],
            "bins": [0, 3.44294e+09, 6.88587e+09, 1.03288e+10, 1.37717e+10, 1.72147e+10, 2.06576e+10, 2.41006e+10, 2.75435e+10, 3.09864e+10, 3.44294e+10]
        },
        "workload_type": "streaming",
        "submission_time": 20
    },
    "_post_inclusive_T2": {
        "num_jobs": 38,
        "infiles_per_job": 10,
        "flops": {
            "type": "histogram",
            "counts": [573966, 24758, 9541, 2069, 101, 25, 18, 22, 18, 2],
            "bins": [0, 2.12392e+08, 4.24784e+08, 6.37176e+08, 8.49567e+08, 1.06196e+09, 1.27435e+09, 1.48674e+09, 1.69913e+09, 1.91153e+09, 2.12392e+09]
        },
        "memory": {
            "type": "histogram",
            "counts": [160837, 13031, 238432, 102880, 65182, 7788, 0, 21034, 0, 1336],
            "bins": [100, 1100, 2100, 3100, 4100, 5100, 6100, 7100, 8100, 9100, 10100]
        },
        "infilesize": {
            "type": "histogram",
            "counts": [589990, 13074, 4552, 2434, 66, 142, 130, 75, 44, 13],
            "bins": [0, 2.37239e+10, 4.74477e+10, 7.11716e+10, 9.48955e+10, 1.18619e+10, 1.42343e+10, 1.66067e+10, 1.89791e+10, 2.13515e+10, 2.37239e+10]
        },
        "outfilesize": {
            "type": "histogram",
            "counts": [576373, 32996, 348, 249, 316, 110, 0, 0, 72, 56],
            "bins": [0, 3.43178e+09, 6.86356e+09, 1.02953e+10, 1.37271e+10, 1.71589e+10, 2.05907e+10, 2.40225e+10, 2.74543e+10, 3.0886e+10, 3.43178e+10]
        },
        "workload_type": "streaming",
        "submission_time": 20
    }
}