{
    "Analysis_T1": {
        "num_jobs": 12,
        "infiles_per_job": 10,
        "flops": {
            "type": "histogram",
            "counts": [196147, 1987, 227, 51, 111, 0, 0, 2, 0, 2],
            "bins": [0, 5.70729e+13, 1.14146e+14, 1.71219e+14, 2.28292e+14, 2.85365e+14, 3.42438e+14, 3.99511e+14, 4.56584e+14, 5.13657e+14, 5.70729e+14]
        },
        "memory": {
            "type": "histogram",
            "bins": [100, 1100, 2100, 3100, 4100, 5100, 6100, 7100, 8100, 9100, 10100],
            "counts": [631, 1021, 194917, 625, 1109, 0, 0, 0, 0, 224]
        },
        "infilesize": {
            "type": "histogram",
            "counts": [196726, 970, 557, 169, 40, 18, 10, 15, 4, 18],
            "bins": [0, 7.06117e+09, 1.41223e+10, 2.11835e+10, 2.82447e+10, 3.53059e+10, 4.2367e+10, 4.94282e+10, 5.64894e+10, 6.35506e+10, 7.06117e+10]
        },
        "outfilesize": {
            "type": "histogram",
            "counts": [197439, 358, 28, 125, 18, 12, 14, 262, 151, 120],
            "bins": [0, 3.25456e+08, 6.50913e+08, 9.76369e+08, 1.30183e+09, 1.62728e+09, 1.95274e+09, 2.27819e+09, 2.60365e+09, 2.92911e+09, 3.25456e+09]
        },
        "workload_type": "streaming",
        "submission_time": 10
    },
    "Test_T1": {
        "num_jobs": 1,
        "infiles_per_job": 10,
        "flops": {
            "type": "histogram",
            "counts": [62, 54, 187, 1228, 3808, 5153, 1775, 417, 511, 54],
            "bins": [1.25205e+12, 1.80142e+12, 2.35078e+12, 2.90015e+12, 3.44952e+12, 3.99889e+12, 4.54826e+12, 5.09762e+12, 5.64699e+12, 6.19636e+12, 6.74573e+12]
        },
        "memory": {
            "type": "histogram",
            "bins": [2099.5, 2099.6, 2099.7, 2099.8, 2099.9, 2100, 2100.1, 2100.2, 2100.3, 2100.4, 2100.5],
            "counts": [0, 0, 0, 0, 0, 13249, 0, 0, 0, 0]
        },
        "infilesize": {
            "type": "histogram",
            "counts": [62, 0, 0, 343, 6991, 2896, 856, 1383, 580, 138],
            "bins": [3.40167e+07, 8.15897e+07, 1.29163e+08, 1.76736e+08, 2.24308e+08, 2.71881e+08, 3.19454e+08, 3.67027e+08, 4.146e+08, 4.62173e+08, 5.09746e+08]
        },
        "outfilesize": {
            "type": "histogram",
            "counts": [62, 58, 2, 0, 0, 0, 0, 0, 0, 13127],
            "bins": [3.68334e+07, 4.34585e+07, 5.00836e+07, 5.67087e+07, 6.33337e+07, 6.99588e+07, 7.65839e+07, 8.32089e+07, 8.9834e+07, 9.64591e+07, 1.03084e+08]
        },
        "workload_type": "streaming",
        "submission_time": 10
    },
    "Digi_T1": {
        "num_jobs": 8,
        "infiles_per_job": 10,
        "flops": {
            "type": "histogram",
            "counts": [44932, 64121, 27183, 375, 22, 116, 278, 168, 16, 6],
            "bins": [0, 1.17805e+14, 2.35609e+14, 3.53414e+14, 4.71218e+14, 5.89023e+14, 7.06828e+14, 8.24632e+14, 9.42437e+14, 1.06024e+15, 1.17805e+15]
        },
        "memory": {
            "type": "histogram",
            "counts": [78197, 2161, 2222, 12690, 26364, 12685, 813, 0, 0, 2085],
            "bins": [100, 830, 1560, 2290, 3020, 3750, 4480, 5210, 5940, 6670, 7400]
        },
        "infilesize": {
            "type": "histogram",
            "counts": [98845, 1972, 18246, 85, 17207, 64, 8, 17, 12, 761],
            "bins": [0, 4.48394e+09, 8.96789e+09, 1.34518e+10, 1.79358e+10, 2.24197e+10, 2.69037e+10, 3.13876e+10, 3.58716e+10, 4.03555e+10, 4.48394e+10]
        },
        "outfilesize": {
            "type": "histogram",
            "counts": [111609, 23181, 254, 158, 710, 1179, 0, 0, 66, 60],
            "bins": [0, 3.44294e+09, 6.88587e+09, 1.03288e+10, 1.37717e+10, 1.72147e+10, 2.06576e+10, 2.41006e+10, 2.75435e+10, 3.09864e+10, 3.44294e+10]
        },
        "workload_type": "streaming",
        "submission_time": 10
    },
    "DataProcessing_T1": {
        "num_jobs": 2,
        "infiles_per_job": 10,
        "flops": {
            "type":"histogram",
            "counts": [8635, 3902, 6555, 5962, 3818, 1672, 854, 228, 52, 10],
            "bins": [0, 1.49659e+14, 2.99319e+14, 4.48978e+14, 5.98637e+14, 7.48297e+14, 8.97956e+14, 1.04762e+15, 1.19727e+15, 1.34693e+15, 1.49659e+15]
        },
        "memory": {
            "type":"histogram",
            "counts": [809, 1462, 0, 200, 1940, 26346, 0, 0, 929, 2],
            "bins": [100, 1320, 2540, 3760, 4980, 6200, 7420, 8640, 9860, 11080, 12300]
        },
        "infilesize": {
            "type":"histogram",
            "counts": [3687, 3422, 2821, 589, 1385, 4892, 8336, 5553, 809, 194],
            "bins": [0, 5.84081e+08, 1.16816e+09, 1.75224e+09, 2.33633e+09, 2.92041e+09, 3.50449e+09, 4.08857e+09, 4.67265e+09, 5.25673e+09, 5.84081e+09]
        },
        "outfilesize": {
            "type":"histogram",
            "counts": [27904, 2867, 179, 36, 45, 151, 206, 162, 92, 46],
            "bins": [0, 1.03208e+09, 2.06417e+09, 3.09625e+09, 4.12834e+09, 5.16042e+09, 6.1925e+09, 7.22459e+09, 8.25667e+09, 9.28875e+09, 1.03208e+10]
        },
        "workload_type": "streaming",
        "submission_time": 10
    },
    "Merge_T1": {
        "num_jobs": 1,
        "infiles_per_job": 10,
        "flops": {
            "type":"histogram",
            "counts": [10772, 242, 165, 20, 63, 9, 18, 20, 2, 2],
            "bins": [0, 3.61816e+12, 7.23633e+12, 1.08545e+13, 1.44727e+13, 1.80908e+13, 2.1709e+13, 2.53271e+13, 2.89453e+13, 3.25635e+13, 3.61816e+13]
        },
        "memory": {
            "type":"histogram",
            "counts": [1437, 172, 124, 0, 2440, 3966, 0, 3085, 54, 35],
            "bins": [100, 270, 440, 610, 780, 950, 1120, 1290, 1460, 1630, 1800]
        },
        "infilesize": {
            "type":"histogram",
            "counts": [848, 286, 284, 313, 457, 1704, 1226, 891, 1853, 3451],
            "bins": [0, 1.28659e+08, 2.57317e+08, 3.85976e+08, 5.14635e+08, 6.43293e+08, 7.71952e+08, 9.00611e+08, 1.02927e+09, 1.15793e+09, 1.28659e+09]
        },
        "outfilesize": {
            "type":"histogram",
            "counts": [1197, 240, 238, 252, 611, 1557, 1096, 894, 2217, 3011],
            "bins": [0, 4.38038e+08, 8.76076e+08, 1.31411e+09, 1.75215e+09, 2.19019e+09, 2.62823e+09, 3.06627e+09, 3.50431e+09, 3.94234e+09, 4.38038e+09]
        },
        "workload_type": "streaming",
        "submission_time": 10
    }
}