{
    "Analysis_T2": {
        "num_jobs": 21,
        "infiles_per_job": 10,
        "flops": {
            "type": "histogram",
            "counts": [336536, 6636, 147, 33, 2, 0, 0, 0, 0, 5],
            "bins": [0, 1.0367e+08, 2.07341e+08, 3.11011e+08, 4.14681e+08, 5.18352e+08, 6.22022e+08, 7.25692e+08, 8.29362e+08, 9.33033e+08, 1.0367e+09]
        },
        "memory": {
            "type": "histogram",
            "counts": [16, 1003, 222230, 52791, 58812, 7788, 0, 31, 0, 688],
            "bins": [100, 1100, 2100, 3100, 4100, 5100, 6100, 7100, 8100, 9100, 10100]
        },
        "infilesize": {
            "type": "histogram",
            "counts": [327694, 9139, 3962, 2094, 66, 142, 130, 75, 44, 13],
            "bins": [0, 2.37239e+09, 4.74477e+09, 7.11716e+09, 9.48955e+09, 1.18619e+10, 1.42343e+10, 1.66067e+10, 1.89791e+10, 2.13515e+10, 2.37239e+10]
        },
        "outfilesize": {
            "type": "histogram",
            "counts": [336937, 3173, 760, 738, 577, 56, 747, 181, 186, 4],
            "bins": [0, 3.50367e+08, 7.00734e+08, 1.0511e+09, 1.40147e+09, 1.75183e+09, 2.1022e+09, 2.45257e+09, 2.80293e+09, 3.1533e+09, 3.50367e+09]
        },
        "workload_type": "streaming",
        "submission_time": 10
    },
    "Test_T2": {
        "num_jobs": 1,
        "infiles_per_job": 10,
        "flops": {
            "type": "histogram",
            "counts": [101, 1735, 8045, 1534, 230, 0, 0, 2, 0, 16],
            "bins": [759275, 1.79631e+06, 2.83334e+06, 3.87037e+06, 4.9074e+06, 5.94443e+06, 6.98146e+06, 8.0185e+06, 9.05553e+06, 1.00926e+07, 1.11296e+07]
        },
        "memory": {
            "type": "histogram",
            "counts": [0, 0, 0, 0, 0, 11663, 0, 0, 0, 0],
            "bins": [2099.5, 2099.6, 2099.7, 2099.8, 2099.9, 2100, 2100.1, 2100.2, 2100.3, 2100.4, 2100.5]
        },
        "infilesize": {
            "type": "histogram",
            "counts": [52, 0, 0, 51, 4, 4, 0, 4177, 6344, 1031],
            "bins": [8.53767e+06, 1.49603e+07, 2.13829e+07, 2.78055e+07, 3.42281e+07, 4.06507e+07, 4.70733e+07, 5.34959e+07, 5.99185e+07, 6.63411e+07, 7.27637e+07]
        },
        "outfilesize": {
            "type": "histogram",
            "counts": [3, 0, 49, 51, 4, 0, 4, 0, 0, 11552],
            "bins": [1.58397e+07, 2.45642e+07, 3.32887e+07, 4.20131e+07, 5.07376e+07, 5.94620e+07, 6.81865e+07, 7.6911e+07, 8.56354e+07, 9.43599e+07, 1.03084e+08]
        },
        "workload_type": "streaming",
        "submission_time": 10
    },
    "Digi_T2": {
        "num_jobs": 14,
        "infiles_per_job": 10,
        "flops": {
            "type": "histogram",
            "counts": [205358, 14018, 238, 327, 71, 6, 0, 22, 18, 2],
            "bins": [0, 2.12392e+08, 4.24784e+08, 6.37176e+08, 8.49567e+08, 1.06196e+09, 1.27435e+09, 1.48674e+09, 1.69913e+09, 1.91153e+09, 2.12392e+09]
        },
        "memory": {
            "type": "histogram",
            "counts": [158321, 3621, 1619, 2709, 6479, 44472, 765, 0, 0, 2074],
            "bins": [100, 830, 1560, 2290, 3020, 3750, 4480, 5210, 5940, 6670, 7400]
        },
        "infilesize": {
            "type": "histogram",
            "counts": [165598, 48325, 3680, 1165, 317, 54, 79, 248, 384, 210],
            "bins": [0, 8.31671e+08, 1.66334e+09, 2.49501e+09, 3.32668e+09, 4.15835e+09, 4.99003e+09, 5.8217e+09, 6.65337e+09, 7.48504e+09, 8.31671e+09]
        },
        "outfilesize": {
            "type": "histogram",
            "counts": [189109, 29818, 330, 249, 316, 110, 0, 0, 72, 56],
            "bins": [0, 3.43178e+09, 6.86356e+09, 1.02953e+10, 1.37271e+10, 1.71589e+10, 2.05907e+10, 2.40225e+10, 2.74543e+10, 3.0886e+10, 3.43178e+10]
        },
        "workload_type": "streaming",
        "submission_time": 10
    },
    "DataProcessing_T2": {
        "num_jobs": 2,
        "infiles_per_job": 10,
        "flops": {
            "type":"histogram",
            "counts": [3305, 2068, 8149, 8180, 3394, 830, 39, 7, 16, 20],
            "bins": [49698, 1.36775e+08, 2.73501e+08, 4.10226e+08, 5.46952e+08, 6.83677e+08, 8.20403e+08, 9.57129e+08, 1.09385e+09, 1.23058e+09, 1.36731e+09]
        },
        "memory": {
            "type":"histogram",
            "counts": [147, 84, 1457, 0, 49, 4694, 0, 18929, 0, 648],
            "bins": [100, 1080, 2060, 3040, 4020, 5000, 5980, 6960, 7940, 8920, 9900]
        },
        "infilesize": {
            "type":"histogram",
            "counts": [2128, 1350, 1022, 2678, 1228, 4845, 5092, 5516, 1475, 674],
            "bins": [0, 2.93567e+08, 5.87134e+08, 8.807e+08, 1.17427e+09, 1.46783e+09, 1.7614e+09, 2.05497e+09, 2.34853e+09, 2.6421e+09, 2.93567e+09]
        },
        "outfilesize": {
            "type":"histogram",
            "counts": [24012, 1253, 238, 161, 150, 166, 14, 2, 6, 6],
            "bins": [0, 1.01182e+09, 2.02364e+09, 3.03546e+09, 4.04728e+09, 5.0591e+09, 6.07092e+09, 7.08274e+09, 8.09456e+09, 9.10638e+09, 1.01182e+10]
        },
        "workload_type": "streaming",
        "submission_time": 10
    },
    "Merge_T2": {
        "num_jobs": 1,
        "infiles_per_job": 10,
        "flops": {
            "type":"histogram",
            "counts": [6767, 2558, 13, 6, 4, 10, 0, 42, 14, 16],
            "bins": [0, 1.88604e+06, 3.77208e+06, 5.65812e+06, 7.54416e+06, 9.4302e+06, 1.13162e+07, 1.32023e+07, 1.50883e+07, 1.69744e+07, 1.88604e+07]
        },
        "memory": {
            "type":"histogram",
            "counts": [1788, 4, 193, 2, 366, 0, 1074, 0, 5908, 95],
            "bins": [100, 250, 400, 550, 700, 850, 1000, 1150, 1300, 1450, 1600]
        },
        "infilesize": {
            "type":"histogram",
            "counts": [1132, 495, 351, 319, 281, 2071, 1289, 877, 675, 1940],
            "bins": [0, 8.5672e+07, 1.71344e+08, 2.57016e+08, 3.42688e+08, 4.2836e+08, 5.14032e+08, 5.99704e+08, 6.85376e+08, 7.71048e+08, 8.5672e+08]
        },
        "outfilesize": {
            "type":"histogram",
            "counts": [1296, 437, 318, 272, 736, 1677, 1242, 883, 671, 1898],
            "bins": [0, 4.38142e+08, 8.76284e+08, 1.31443e+09, 1.75257e+09, 2.19071e+09, 2.62885e+09, 3.06699e+09, 3.50513e+09, 3.94328e+09, 4.38142e+09]
        },
        "workload_type": "streaming",
        "submission_time": 10
    }
}