{
    "Analysis_T2": {
        "num_jobs": 54,
        "infiles_per_job": 10,
        "flops": {
            "type": "histogram",
            "counts": [336536, 6636, 147, 33, 2, 0, 0, 0, 0, 5],
            "bins": [0, 1.0367e+14, 2.07341e+14, 3.11011e+14, 4.14681e+14, 5.18352e+14, 6.22022e+14, 7.25692e+14, 8.29362e+14, 9.33033e+14, 1.0367e+15]
        },
        "memory": {
            "type": "histogram",
            "counts": [16, 1003, 222230, 52791, 58812, 7788, 0, 31, 0, 688],
            "bins": [100, 1100, 2100, 3100, 4100, 5100, 6100, 7100, 8100, 9100, 10100]
        },
        "infilesize": {
            "type": "histogram",
            "counts": [327694, 9139, 3962, 2094, 66, 142, 130, 75, 44, 13],
            "bins": [0, 2.37239e+09, 4.74477e+09, 7.11716e+09, 9.48955e+09, 1.18619e+10, 1.42343e+10, 1.66067e+10, 1.89791e+10, 2.13515e+10, 2.37239e+10]
        },
        "outfilesize": {
            "type": "histogram",
            "counts": [336937, 3173, 760, 738, 577, 56, 747, 181, 186, 4],
            "bins": [0, 3.50367e+08, 7.00734e+08, 1.0511e+09, 1.40147e+09, 1.75183e+09, 2.1022e+09, 2.45257e+09, 2.80293e+09, 3.1533e+09, 3.50367e+09]
        },
        "workload_type": "streaming",
        "submission_time": 10
    },
    "Digi_T2": {
        "num_jobs": 35,
        "infiles_per_job": 10,
        "flops": {
            "type": "histogram",
            "counts": [205358, 14018, 238, 327, 71, 6, 0, 22, 18, 2],
            "bins": [0, 2.12392e+14, 4.24784e+14, 6.37176e+14, 8.49567e+14, 1.06196e+15, 1.27435e+15, 1.48674e+15, 1.69913e+15, 1.91153e+15, 2.12392e+15]
        },
        "memory": {
            "type": "histogram",
            "counts": [158321, 3621, 1619, 2709, 6479, 44472, 765, 0, 0, 2074],
            "bins": [100, 830, 1560, 2290, 3020, 3750, 4480, 5210, 5940, 6670, 7400]
        },
        "infilesize": {
            "type": "histogram",
            "counts": [165598, 48325, 3680, 1165, 317, 54, 79, 248, 384, 210],
            "bins": [0, 8.31671e+08, 1.66334e+09, 2.49501e+09, 3.32668e+09, 4.15835e+09, 4.99003e+09, 5.8217e+09, 6.65337e+09, 7.48504e+09, 8.31671e+09]
        },
        "outfilesize": {
            "type": "histogram",
            "counts": [189109, 29818, 330, 249, 316, 110, 0, 0, 72, 56],
            "bins": [0, 3.43178e+09, 6.86356e+09, 1.02953e+10, 1.37271e+10, 1.71589e+10, 2.05907e+10, 2.40225e+10, 2.74543e+10, 3.0886e+10, 3.43178e+10]
        },
        "workload_type": "streaming",
        "submission_time": 10
    },
    "DataProcessing_T2": {
        "num_jobs": 4,
        "infiles_per_job": 10,
        "flops": {
            "type":"histogram",
            "counts": [3305, 2068, 8149, 8180, 3394, 830, 39, 7, 16, 20],
            "bins": [4.9698e+10, 1.36775e+14, 2.73501e+14, 4.10226e+14, 5.46952e+14, 6.83677e+14, 8.20403e+14, 9.57129e+14, 1.09385e+15, 1.23058e+15, 1.36731e+15]
        },
        "memory": {
            "type":"histogram",
            "counts": [147, 84, 1457, 0, 49, 4694, 0, 18929, 0, 648],
            "bins": [100, 1080, 2060, 3040, 4020, 5000, 5980, 6960, 7940, 8920, 9900]
        },
        "infilesize": {
            "type":"histogram",
            "counts": [2128, 1350, 1022, 2678, 1228, 4845, 5092, 5516, 1475, 674],
            "bins": [0, 2.93567e+08, 5.87134e+08, 8.807e+08, 1.17427e+09, 1.46783e+09, 1.7614e+09, 2.05497e+09, 2.34853e+09, 2.6421e+09, 2.93567e+09]
        },
        "outfilesize": {
            "type":"histogram",
            "counts": [24012, 1253, 238, 161, 150, 166, 14, 2, 6, 6],
            "bins": [0, 1.01182e+09, 2.02364e+09, 3.03546e+09, 4.04728e+09, 5.0591e+09, 6.07092e+09, 7.08274e+09, 8.09456e+09, 9.10638e+09, 1.01182e+10]
        },
        "workload_type": "streaming",
        "submission_time": 10
    },
    "MINIAOD_T2": {
        "num_jobs": 0,
        "infiles_per_job": 10,
        "flops": {
            "type":"histogram",
            "counts": [314, 67, 25, 91, 58, 14, 6, 0, 14, 16],
            "bins": [6.37791e+11, 2.06114e+13, 4.0585e+13, 6.05587e+13, 8.05323e+13, 1.00506e+14, 1.2048e+14, 1.40453e+14, 1.60427e+14, 1.804e+14, 2.00374e+14]
        },
        "memory": {
            "type":"histogram",
            "counts": [8, 0, 0, 16, 2, 8, 125, 303, 101, 42],
            "bins": [100, 420, 740, 1060, 1380, 1700, 2020, 2340, 2660, 2980, 3300]
        },
        "infilesize": {
            "type":"histogram",
            "counts": [292, 77, 35, 68, 82, 21, 14, 0, 14, 2],
            "bins": [1.27977e+07, 2.87656e+08, 5.62514e+08, 8.37372e+08, 1.11223e+09, 1.38709e+09, 1.66195e+09, 1.9368e+09, 2.21166e+09, 2.48652e+09, 2.76138e+09]
        },
        "outfilesize": {
            "type":"histogram",
            "counts": [290, 82, 22, 12, 4, 165, 14, 0, 14, 2],
            "bins": [2.00893e+07, 3.54157e+08, 6.88224e+08, 1.02229e+09, 1.35636e+09, 1.69043e+09, 2.02449e+09, 2.35856e+09, 2.69263e+09, 3.0267e+09, 3.36076e+09]
        },
        "workload_type": "streaming",
        "submission_time": 10
    },
    "RECO_T2": {
        "num_jobs": 0,
        "infiles_per_job": 10,
        "flops": {
            "type":"histogram",
            "counts": [727, 8, 4, 2, 0, 0, 0, 0, 0, 2],
            "bins": [1.1044e+10, 2.6473e+13, 5.2935e+13, 7.9397e+13, 1.05859e+14, 1.32321e+14, 1.58783e+14, 1.85245e+14, 2.11707e+14, 2.38169e+14, 2.64631e+14]
        },
        "memory": {
            "type":"histogram",
            "counts": [14, 0, 0, 0, 0, 18, 362, 251, 96, 2],
            "bins": [100, 490, 880, 1270, 1660, 2050, 2440, 2830, 3220, 3610, 4000]
        },
        "infilesize": {
            "type":"histogram",
            "counts": [735, 2, 4, 0, 0, 0, 0, 0, 0, 2],
            "bins": [0, 1.95908e+08, 3.91815e+08, 5.87723e+08, 7.83631e+08, 9.79538e+08, 1.17545e+09, 1.37135e+09, 1.56726e+09, 1.76317e+09, 1.95908e+09]
        },
        "outfilesize": {
            "type":"histogram",
            "counts": [725, 10, 4, 2, 0, 0, 0, 0, 0, 2],
            "bins": [0, 5.37747e+08, 1.07549e+09, 1.61324e+09, 2.15099e+09, 2.68874e+09, 3.22648e+09, 3.76423e+09, 4.30198e+09, 4.83972e+09, 5.37747e+09]
        },
        "workload_type": "streaming",
        "submission_time": 10
    },
    "Merge_T2": {
        "num_jobs": 1,
        "infiles_per_job": 10,
        "flops": {
            "type":"histogram",
            "counts": [6767, 2558, 13, 6, 4, 10, 0, 42, 14, 16],
            "bins": [0, 1.88604e+12, 3.77208e+12, 5.65812e+12, 7.54416e+12, 9.4302e+12, 1.13162e+13, 1.32023e+13, 1.50883e+13, 1.69744e+13, 1.88604e+13]
        },
        "memory": {
            "type":"histogram",
            "counts": [1788, 4, 193, 2, 366, 0, 1074, 0, 5908, 95],
            "bins": [100, 250, 400, 550, 700, 850, 1000, 1150, 1300, 1450, 1600]
        },
        "infilesize": {
            "type":"histogram",
            "counts": [1132, 495, 351, 319, 281, 2071, 1289, 877, 675, 1940],
            "bins": [0, 8.5672e+07, 1.71344e+08, 2.57016e+08, 3.42688e+08, 4.2836e+08, 5.14032e+08, 5.99704e+08, 6.85376e+08, 7.71048e+08, 8.5672e+08]
        },
        "outfilesize": {
            "type":"histogram",
            "counts": [1296, 437, 318, 272, 736, 1677, 1242, 883, 671, 1898],
            "bins": [0, 4.38142e+08, 8.76284e+08, 1.31443e+09, 1.75257e+09, 2.19071e+09, 2.62885e+09, 3.06699e+09, 3.50513e+09, 3.94328e+09, 4.38142e+09]
        },
        "workload_type": "streaming",
        "submission_time": 10
    }
}